{
  "components/halothemes/products/product-view-more-2": "<div class=\"productView-more-2\">\n\t{{> components/halothemes/products/product-view-tabs}}\n\n\t{{#if theme_settings.product_custom_html_link}}\n\t\t{{> components/halothemes/products/product-view-about-us}}\n\t{{/if}}\n\n\t{{> components/halothemes/products/product-view-reviews schema=true}}\n</div>\n",
  "components/halothemes/products/product-view-about-us": "<div class=\"halo-block halo-block-about padding-top-0 padding-bottom-0\" id=\"halo-productView-about\">\n\t<div class=\"container-fluid\">\n\t\t<div class=\"loadingOverlay\"></div>\n\t</div>\n</div>\n",
  "components/halothemes/products/product-view-tabs": "{{#if theme_settings.halo-productView-tabs}}\n\t<div class=\"productView-tabs halo-block\" id=\"halo-productView-tabs\" data-tabs-background=\"{{#if theme_settings.halo-productView-tabs-background}}https://cdn11.bigcommerce.com/s-{{settings.store_hash}}/product_images/uploaded_images/{{theme_settings.halo-productView-tabs-background}}{{/if}}\">\n\t\t<div{{#if theme_settings.halo-productView-tabs-background}} class=\"productView-tabs-image\" style=\"background-image: url(https://cdn11.bigcommerce.com/s-{{settings.store_hash}}/product_images/uploaded_images/{{theme_settings.halo-productView-tabs-background}})\"{{else}} class=\"productView-tabs-image noImage\"{{/if}}>&nbsp;</div>\n\t\t<div class=\"productView-tab\">\n\t\t\t{{#if theme_settings.halo-productView-tabs-title}}\n\t\t\t\t<div class=\"productView-tab-header\">\n\t\t\t\t\t<h2 class=\"title\">{{theme_settings.halo-productView-tabs-title}}</h2>\n\t\t\t\t</div>\n\t\t\t{{/if}}\n\t\t\t<ul class=\"tabs\" data-tab>\n\t\t\t\t{{#if theme_settings.halo-productView-tabs-1-title}}\n\t\t\t\t    <li class=\"tab is-active\">\n\t\t\t\t        <a class=\"tab-title\" href=\"#tab-1\" data-tab-id=\"tab-1\">{{theme_settings.halo-productView-tabs-1-title}}</a>\n\t\t\t\t    </li>\n\t\t\t    {{/if}}\n\t\t\t    {{#if theme_settings.halo-productView-tabs-2-title}}\n\t\t\t        <li class=\"tab productView-tab-2{{#unless theme_settings.halo-productView-tabs-1-title}} is-active{{/unless}}\">\n\t\t\t            <a class=\"tab-title\" href=\"#tab-2\" data-tab-id=\"tab-2\">{{theme_settings.halo-productView-tabs-2-title}}</a>\n\t\t\t        </li>\n\t\t\t    {{/if}}\n\t\t\t</ul>\n\t\t\t<div class=\"tabs-contents\">\n\t\t\t\t<div class=\"loadingOverlay\"></div>\n\t\t\t\t{{#if theme_settings.halo-productView-tabs-1-title}}\n\t\t\t\t    <div class=\"tab-content is-active\" id=\"tab-1\">\n\t\t\t\t      \t<div class=\"toggle-title\">\n\t\t\t\t          \t<a class=\"toggleLink is-open\" data-collapsible href=\"#tab-1-mobile\">\n\t\t\t\t             \t<span>{{theme_settings.halo-productView-tabs-1-title}}</span>\n\t\t\t\t            \t<span class=\"icon-plus\">&nbsp;</span>\n\t\t\t\t          \t</a>\n\t\t\t\t      \t</div>\n\t\t\t\t      \t<div class=\"toggle-content is-open\" id=\"tab-1-mobile\">\n\t\t\t\t      \t\t<div class=\"loadingOverlay\"></div>\n\t\t\t\t      \t</div>\n\t\t\t\t    </div>\n\t\t\t\t{{/if}}\n\t\t\t    {{#if theme_settings.halo-productView-tabs-2-title}}\n\t\t\t\t    <div class=\"tab-content{{#unless theme_settings.halo-productView-tabs-1-title}} is-active{{/unless}}\" id=\"tab-2\">\n\t\t\t\t      \t<div class=\"toggle-title\">\n\t\t\t\t        \t<a class=\"toggleLink productView-tab-2\" data-collapsible href=\"#tab-2-mobile\">\n\t\t\t\t            \t<span>{{theme_settings.halo-productView-tabs-2-title}}</span>\n\t\t\t\t            \t<span class=\"icon-plus\">&nbsp;</span>\n\t\t\t\t          \t</a>\n\t\t\t\t      \t</div>\n\t\t\t\t      \t<div class=\"toggle-content\" id=\"tab-2-mobile\">\n\t\t\t\t      \t\t<div class=\"loadingOverlay\"></div>\n\t\t\t\t      \t</div>\n\t\t\t\t    </div>\n\t\t\t\t{{/if}}\n\t\t\t</div>\n\t\t</div>\n\t</div>\n{{/if}}\n",
  "components/halothemes/products/product-view-reviews": "{{#all settings.show_product_reviews}}\n   \t<div class=\"halo-block halo-block-reviews\" id=\"tab-reviews\" data-product-reviews>\n      \t<div class=\"container\">\n      \t\t<div class=\"halo-block-header\">\n\t\t        <h2 class=\"title\">{{lang 'products.reviews.title_block'}}</h2>\n\t\t    </div>\n\t      \t<div class=\"productView-reviews-wrapper\">\n\t        \t{{> components/products/reviews reviews=product.reviews product=product urls=urls schema=true}}\n\t      \t</div>\n      \t</div>\n   \t</div>\n{{/all}}\n",
  "components/products/reviews": "{{#if reviews.total}}\n    <div class=\"productReview-total\"><span>{{reviews.total}}{{#if reviews.tota '>' l}} Reviews{{else}} Review{{/if}}</span></div>\n    <ul class=\"productReviews-list\" id=\"productReviews-list\">\n        {{#each reviews.list}}\n            <li class=\"productReview\">\n                <article itemprop=\"review\" itemscope itemtype=\"http://schema.org/Review\">\n                    <header>\n                        <h3 itemprop=\"name\" class=\"productReview-title\">\n                            <span class=\"productReview-title-text\">{{{ sanitize title }}}</span>\n                            <span class=\"productReview-rating rating--small\" itemprop=\"reviewRating\" itemscope itemtype=\"http://schema.org/Rating\">\n                                {{> components/products/ratings rating=rating}}\n                                <span class=\"productReview-ratingNumber\" itemprop=\"ratingValue\">{{ rating }}</span>\n                            </span>\n                        </h3>\n                        {{#if name}}\n                            <meta itemprop=\"author\" content=\"{{name}}\">\n                            <p class=\"productReview-author\">\n                                {{lang 'products.reviews.post_on_by' date=date name=name }}\n                            </p>\n                        {{else}}\n                            <p class=\"productReview-author\">\n                                {{lang 'products.reviews.post_on_by' date=date name=(lang 'products.reviews.anonymous_poster')}}\n                            </p>\n                        {{/if}}\n                    </header>\n                    <p itemprop=\"reviewBody\" class=\"productReview-body\">{{{ sanitize text }}}</p>\n                </article>\n            </li>\n        {{/each}}\n    </ul>\n    {{#or pagination.reviews.next pagination.reviews.previous}}\n        {{> components/common/paginator pagination.reviews}}\n    {{/or}}\n    <div class=\"button-createReview\">\n        <a class=\"button button--primary\" href=\"#\" data-reveal-id=\"modal-review-form\">{{lang 'products.reviews.write_a_review'}}</a>\n    </div>\n{{else}}\n    <div class=\"alertBox alertBox--warning\">\n        <div class=\"alertBox-column alertBox-icon\">\n            <span class=\"icon\" aria-hidden=\"true\"><svg xmlns=\"http://www.w3.org/2000/svg\" width=\"24\" height=\"24\" viewBox=\"0 0 24 24\"><path d=\"M12 2C6.48 2 2 6.48 2 12s4.48 10 10 10 10-4.48 10-10S17.52 2 12 2zm1 15h-2v-2h2v2zm0-4h-2V7h2v6z\"></path></svg></span>\n        </div>\n        <p class=\"alertBox-column alertBox-message\">\n            {{lang 'products.reviews.write_a_review_text'}}\n        </p>\n    </div>\n    <div class=\"button-createReview\">\n        <a class=\"button button--primary\" href=\"#\" data-reveal-id=\"modal-review-form\">{{lang 'products.reviews.write_a_review'}}</a>\n    </div>\n{{/if}}\n",
  "components/products/ratings": "<span role=\"img\"\n      aria-label=\"{{lang 'products.reviews.rating_aria_label' current_rating=rating max_rating=5}}\"\n>\n    {{#for 1 5}}\n        {{#if ../this.rating '>=' $index}}\n            <span class=\"icon icon--ratingFull\">\n                <svg aria-hidden=\"true\">\n                    <use xlink:href=\"#icon-star\" />\n                </svg>\n            </span>\n        {{else}}\n            <span class=\"icon icon--ratingEmpty\">\n                <svg aria-hidden=\"true\">\n                    <use xlink:href=\"#icon-star\" />\n                </svg>\n            </span>\n        {{/if}}\n    {{/for}}\n</span>\n",
  "components/common/paginator": "<nav class=\"pagination\" aria-label=\"pagination\">\n  {{#and (if total) (if page_type '==' 'category')}}\n      {{#if start}}\n          {{#if end}}\n              {{#if end '<' total}}\n                  <div class=\"pagination-info\">Items <span class=\"start\">{{start}}</span> to <span class=\"end\">{{end}}</span> of <span class=\"total\">{{total}}</span> total</div>\n              {{else}}\n                  <div class=\"pagination-info\">Items <span class=\"start\">{{start}}</span> to <span class=\"end\">{{total}}</span> of <span class=\"total\">{{total}}</span> total</div>\n              {{/if}}\n          {{/if}}\n      {{/if}}\n  {{/and}}\n  {{#and (if page_type '==' 'brand') (if links.length)}}\n      {{#each shop_by_brand}}\n          {{#if name '==' ../brand.name}}\n              <div class=\"pagination-info\">Items <span class=\"start\"></span> to <span class=\"end\"></span> of <span class=\"total\">{{count}}</span> total</div>\n          {{/if}}\n      {{/each}}\n  {{/and}}\n  {{#if page_type '==' 'search'}}\n      <div class=\"pagination-info\">Items <span class=\"start\"></span> to <span class=\"end\"></span> of <span class=\"total\">{{total}}</span> total</div>\n  {{/if}}\n    <ul class=\"pagination-list\">\n        {{#if previous}}\n            <li class=\"pagination-item pagination-item--previous\">\n                <a class=\"pagination-link\"\n                   href=\"{{previous}}\"\n                   {{#unless reload}}data-faceted-search-facet{{/unless}}\n                   aria-label=\"{{lang 'common.previous'}}\"\n                >\n                    <svg class=\"icon\" aria-hidden=\"true\">\n                        <use xlink:href=\"#icon-chevron-left\"></use>\n                    </svg>\n                </a>\n            </li>\n        {{/if}}\n\n        {{#each links}}\n            <li class=\"pagination-item {{#if this.number '==' ../current}}pagination-item--current{{/if}}\">\n                <a class=\"pagination-link\"\n                   href=\"{{this.url}}\"\n                   {{#unless reload}}data-faceted-search-facet{{/unless}}\n                   {{#if this.number '==' ../current}}aria-current=\"page\"{{/if}}\n                   aria-label=\"{{lang 'common.paginator.page_of' current=this.number total=../links.length}}\"\n                >\n                    {{this.number}}\n                </a>\n            </li>\n        {{/each}}\n\n        {{#if next}}\n            <li class=\"pagination-item pagination-item--next\">\n                <a class=\"pagination-link\"\n                   href=\"{{next}}\"\n                   {{#unless reload}}data-faceted-search-facet{{/unless}}\n                   aria-label=\"{{lang 'common.next'}}\"\n                >\n                    <svg class=\"icon\" aria-hidden=\"true\">\n                        <use xlink:href=\"#icon-chevron-right\"></use>\n                    </svg>\n                </a>\n            </li>\n        {{/if}}\n    </ul>\n</nav>\n"
}